id_2	chrom_2	pos_2	allele_2	id_1	chrom_1	pos_1	allele_1	weight
6:32681530:C:T	6	32681530	C	6:32577633:C:G	6	32577633	C	0.2899999999999998
6:32677440:A:G	6	32677440	A	6:32637121:A:G	6	32637121	A	4.23
6:32681530:C:T	6	32681530	C	6:32681530:C:T	6	32681530	C	-1.85
6:32681530:C:T	6	32681530	C	6:32637121:A:G	6	32637121	A	0.7100000000000001
6:32577633:C:G	6	32577633	C	6:32637121:A:G	6	32637121	A	0.45000000000000007
6:32626037:G:T	6	32626037	T	6:32637121:A:G	6	32637121	A	1.21
6:32679992:C:T	6	32679992	T	6:32626037:G:T	6	32626037	T	1.02
6:32677440:A:G	6	32677440	A	6:32577633:C:G	6	32577633	C	-0.63
6:32577633:C:G	6	32577633	C	6:32626037:G:T	6	32626037	T	-1.57
6:32577633:C:G	6	32577633	C	6:32577633:C:G	6	32577633	C	-2.4699999999999998
6:32138545:A:C	6	32138545	A	6:32138545:A:C	6	32138545	A	2.54
6:32577633:C:G	6	32577633	C	6:32603212:C:T	6	32603212	C	-1.74
6:32672214:G:T	6	32672214	T	6:32577633:C:G	6	32577633	C	-1.26
6:32681530:C:T	6	32681530	C	6:32672214:G:T	6	32672214	T	-2.12
6:32637121:A:G	6	32637121	A	6:32637121:A:G	6	32637121	A	0.39
6:32602751:A:C	6	32602751	A	6:32681530:C:T	6	32681530	C	-1.8
6:32637121:A:G	6	32637121	A	6:32603212:C:T	6	32603212	C	-0.8099999999999999
6:32138545:A:C	6	32138545	A	6:32577633:C:G	6	32577633	C	-1.81
